{
    "accuracy": 0.9390842191332788,
    "precision": 0.9034978219765091,
    "recall": 0.9390842191332788,
    "pr_auc": 0.04457931898104735,
    "threshold_used": 0.5,
    "train_size": 78271,
    "test_size": 19568,
    "future_window": "Latest 20% of dataset (temporal validation)"
}