{
    "precision": 0.7413403614457831,
    "recall": 0.7223037417461482,
    "pr_auc": 0.8118627001858636
}